{
  "Human Labels": {
    "mAP50": 0.42668685683678836,
    "mAP50-95": 0.2746163272721593,
    "precision": 0.5158820882302564,
    "recall": 0.4350751485494582
  },
  "GDINO Distilled": {
    "mAP50": 0.29566334229210284,
    "mAP50-95": 0.20262969972130013,
    "precision": 0.3896753817848629,
    "recall": 0.36499475707794476
  }
}